rouge1,rouge2,rougeL,rougeLsum
0.013409118667357379,0.0,0.012717370923641476,0.012616446569396748
